,value
total_roi,0.8951643871327502
cagr,0.2583756127834418
volatility,0.13174545684210662
sharpe,1.672975629666921
sortino,2.811519403930568
calmar,2.315856612321839
max_drawdown,-0.11156805279252532
max_dd_peak,2025-03-24 00:00:00
max_dd_trough,2025-04-07 00:00:00
avg_drawdown,-0.014204891814290174
current_drawdown,-0.025850495005656393
var_95_daily,-0.01225293603292946
cvar_95_daily,-0.01932227843903774
var_95_annual,-0.1945093294410821
cvar_95_annual,-0.30673166107703503
months_up,26
months_down,8
months_total,34
win_rate_monthly,0.7647058823529411
best_month,0.07015149394909903
worst_month,-0.04326751424480124
avg_month,0.019476572552625342
years_up,4
years_down,0
years_total,4
best_year,0.28289485641216183
worst_year,0.008304561555406709
days_up,410
days_down,291
days_total,701
best_day,0.0376346856849683
worst_day,-0.04821203672363848
gain_loss_ratio,0.9824237253625493
profit_factor,1.3841708845314267
