,value
total_roi,0.8951643503573008
cagr,0.25837560400527315
volatility,0.13174544804899882
sharpe,1.6729757397104748
sortino,2.811519498471472
calmar,2.3158569431144715
max_drawdown,-0.11156803306589297
max_dd_peak,2025-03-24 00:00:00
max_dd_trough,2025-04-07 00:00:00
avg_drawdown,-0.014204891947939589
current_drawdown,-0.02585049500565595
var_95_daily,-0.012252951895573868
cvar_95_daily,-0.01932228063706917
var_95_annual,-0.19450958125275555
cvar_95_annual,-0.30673169596970223
months_up,26
months_down,8
months_total,34
win_rate_monthly,0.7647058823529411
best_month,0.07015148727390086
worst_month,-0.04326751424480124
avg_month,0.019476572633006797
years_up,4
years_down,0
years_total,4
best_year,0.2828948658839576
worst_year,0.008304561555406709
days_up,410
days_down,291
days_total,701
best_day,0.03763464770392241
worst_day,-0.04821203048080001
gain_loss_ratio,0.982423741811235
profit_factor,1.3841709077065512
